tweet,likes,retweet_count,user_screen_name,user_description,user_followers_count
"#Elecciones2020 | En #Florida: #JoeBiden dice que #DonaldTrump solo se preocupa por Ã©l mismo. El demÃ³crata fue anfitriÃ³n de encuentros de electores en #PembrokePines y #Miramar. Clic AQUÃ â¬‡ï¸â¬‡ï¸â¬‡ï¸
â €
ğŸŒhttps://t.co/qhIWpIUXsT
_
#ElSolLatino #yobrilloconelsol https://t.co/6FlCBWf1Mi",0.0,0.0,elsollatinonews,"ğŸŒ Noticias de interÃ©s para latinos de la costa este de #EEUU
â €â¹ï¸ Facebook e Instagram
â €ğŸ™ï¸ Philadelphia: /elsollatinonewspaper
â €ğŸŒ… Miami: /elsollatinonewsmiami",1860.0
#HunterBiden #HunterBidenEmails #JoeBiden #JoeBidenMustStepDown https://t.co/9enmxWvePm,0.0,0.0,Biloximeemaw,"Locked and loaded Meemaw. Love God, my family and my country. I will fight til my last breath for my children and grand children's freedoms. Trump2020",6628.0
"@IslandGirlPRV @BradBeauregardJ @MeidasTouch This is how #Biden made his ! #TrumpIsNotAmerica !
https://t.co/uBqAFU86Ip",0.0,0.0,Flag_Wavers,,1536.0
@chrislongview Watching and setting dvr. Letâ€™s give him bonus ratings!! #JoeBiden,0.0,0.0,MichelleFerg4,,27.0
#censorship #HunterBiden #Biden #BidenEmails #BidenEmail #Corruption https://t.co/C6clrtshQl,1.0,0.0,theegoldstate,"A Silicon Valley #independent #News #Media #Startup
 *If you have any tips you'd like us to cover, please DM or tag us*",390.0
"""IS THIS WRONG??!!"" Cory Booker's BRILLIANT Final Questioning of Trump Nominee Amy Coney Barrett https://t.co/gCTvVLl4CS
#AmyConeyBarrett #CoryBooker #Barrett #Booker #Trump #KamalaHarris #JoeBiden #SCOTUS #SupremeCourtConfirmation",0.0,0.0,Dose_Dissonance,YOUTUBE CHANNEL: https://t.co/EFnKm5gnvV MERCHANDISE: https://t.co/FGCY7YPDGk,4622.0
"In 2020, #NYPost is being #censorship #CENSORED by Twitter to manipulate a US election in favor of #JoeBiden and against #Trump.

but CCP from #China or porn on Twitter? 

Thatâ€™s always been fine for @jack @vijaya @dickc @KatieS.

@marciadorsey is @jack sick?",0.0,0.0,changeillinois,"Illinois, home of Lincoln and Reagan, used to be crossroads of America. Now, it's epicenter of political mafia, corruption and #ChicagoWay. #ChangeIllinois",1397.0
â–ºâ–º Tell Politicians to STICK IT with this FREE Item! â–ºâ–º https://t.co/sua2FPNJTS â–ºâ–º #2020 #Biden #Deomocrat #Election #Politician #Politics #President #Republican #Trump #VPDebate â–ºâ–º @FreebieDepot https://t.co/QTRW3eMtd0,0.0,0.0,FreebieDepot,"Free Stuff - No Fluff!  Get all kinds of FREE Stuff, FREE Samples, FREE Calendars, FREE Coupons, FREE, FREE, FREE! #freebies #freestuff #free #frugal #samples",6402.0
#Biden https://t.co/qMs0PmUev5,0.0,0.0,Kennethuteliv,,103.0
"Proof  Bidens are crooked. Twitter will suspend me for sharing https://t.co/LUbPCbROEp
#Biden
#crookedBiden
#ukraniancollusion 
#Democrats
#HunterBidenEmails",1.0,1.0,JakeRivendale,,80.0
"Now Open! Create a FREE U.S. Election Pick'em Pool. Add some excitement to the potential chaos. Pick who you think will become President, who will win the Swing States, the popular vote, and more!
ğŸ‡ºğŸ‡²https://t.co/W6FKnaXVMT
#MAGA2020 #Trump #Biden #Politics #USElection2020 https://t.co/NwNfiZsy53",0.0,0.0,officepools_com,Visit https://t.co/CdmWfqRMIS to play now! #fantasyhockey #fantasysports #hockeypool #footballpool #NHLpool #golfpool,967.0
"FBI Allegedly Obtained Hunter Biden Computer, Data on Ukraine Dealings, Report Claims #JoeBiden #HunterBiden https://t.co/pDNmB0NqRU",0.0,0.0,NewfoundStudio,"""There are things known and there are things unknown, and in between are the doors of perception."" Aldous Huxley",266.0
#JoeBiden was the point man https://t.co/dOTKamtths,0.0,1.0,TwiggyTulip65,Proud Republican who loves God and my Country. I stand for our Flag and respect and back the Blue.,190.0
Yâ€™all Just Locking Up Accounts Cause YALL Dont Want The Truth To Come Out About #Biden Thatâ€™s Crazy Af https://t.co/uNvYFeVTU9,0.0,0.0,HipHopMatrix,#ARAWAK (https://t.co/l15AfNW4e6) (IG:Tycko_Lightbourne) (https://t.co/pvLhNydoZo)(https://t.co/sBScPksl8L) (JahSonTycko88@gmail.com),4373.0
@tedcruz @cc125 #Trump2020 #BLM #obama #VoteRed #BidenHarris2020 #Blacklivesmatter #mikepence #Debates2020 #KamalaHarris #KamalaHarrisVP #biden #riots #hunterbidden #AOC #Trump #IlhanOmar #gavinnewsom #tedwheeler #GretchenWhitmer &gt;&gt; This is only the begining its going to get worse! https://t.co/jcccPhWtgY,1.0,0.0,InfamousOne13,"""The company you keep can have a major impact on your life."" 
 - Semper Fi -",360.0
#IceCube isnâ€™t a sellout how long are black people going to vote for Democrats and they do nothing for us look up what #Democrats really mean it means satan #JoeBiden admitted to #Pedophilia  #TRUMP2020ToSaveAmerica https://t.co/uAI1Iw07i5,1.0,1.0,alexiamariee_,snap: ğ’œğ“ğ‘’ğ“ğ’¾ğ’¶ğ“‚ğ’¶ğ“‡ğ’¾ğ‘’ğŸ¤ğŸ¨ ig: ğ’œğ“ğ‘’ğ“ğ’¾ğ’¶ğ“‚ğ’¶ğ“‡ğ’¾ğ‘’ğ‘’. ğŸ•ŠğŸ™ğŸ¾Kavoucia Davis. #studentnurse â˜¤/ #futurerealatorğŸš,582.0
"BREAKING â€” Twitter Safety account provides info on why they have taken action against #NYPost story / article link that discusses #JoeBiden and his son #HunterBiden.

#Censorship #Facebook #Maga https://t.co/53FSqcW6Cr",1.0,1.0,TheInsiderPaper,"Insider Paper is your source to real news from around the globe. The site covers Breaking news, Tech News, Business News and Politics News",1200.0
"Comments on this? ""Do Democrats Understand how Ruthless China is?"" https://t.co/QevK00yhs3 #China #HunterBiden #JoeBiden #BidenHarris #BidenHarris2020 #TrumpPence2020 #Trump #realDonaldTrump #WTO #coronavirus #trade https://t.co/Wjm1hyTFNZ",0.0,0.0,ubaldireports,Just Facts... No Fiction on domestic and global political issues.,83.0
https://t.co/khrZuHsrQI here is #JoeBiden admitting to it,0.0,0.0,whipit_Studio,,11.0
Iâ€™m going to share things I like about Biden more. You should too. #BidenCares #Biden #ChickenTrump #KamalaHarris https://t.co/nBTI228sa2,0.0,0.0,SammyTMcCarty,Sammy priorities 1) Laborâ€™s rights 2) women's rights 3)Prison reform/marijuana legalization 4)Lions football,394.0
#HunterBiden #HunterBidenEmails #JoeBiden #JoeBidenMustStepDown https://t.co/R09rW36Qu8,0.0,1.0,Biloximeemaw,"Locked and loaded Meemaw. Love God, my family and my country. I will fight til my last breath for my children and grand children's freedoms. Trump2020",6628.0
"In an effort to find the truth about allegations that @Twitter isn't allowing people to share the link to a @nypost article about Hunter Biden, this is what popped up #NYPost #HunterBiden #Biden #Election2020 https://t.co/yYImdZrOKz",1.0,0.0,_dbrown_23,"#YAHDOG Posse's Top Guy.
@illinivideo
@Illinois_Alma @UIJournalism '23 ğŸ”¶, @ParklandCollege '21 ğŸ
Previous work: @WGCYRadio.",954.0
Twitter is doing everything they can to help Democrats win the election. Making sure nobody sees a negative story about Biden. Only Negative stories on Trump. #TwitterCensorship #Biden #Ukraine #HunterBiden https://t.co/dbLKQBMvRU,1.0,0.0,Joelwhct,,2.0
#JoeBiden calls him a lier and then insults him for being overweight.  Biden shows his low IQ daily.  Maybe Joe should hold town halls in kindergarten.  Heâ€™ll be amongst equals and no one will say anything when he takes his afternoon nap https://t.co/Mr2nh102nG,0.0,0.0,VandyRick,,15.0
"@ProjectLincoln @nypost VOTE wisely.
and by wisely I mean for JOEâ€¦ or else
we will have to see on t.v. forâ€¦.

#JoeBiden @JoeBiden https://t.co/HB1kGUOdZT",30.0,4.0,icecreamonacone,"I'm just a ginger kitty. I'm chill for the most part & nap often. I'm not political. But this cat is pissed. This ""President"" is stepping on my tail. hiss",1701.0
@RealJamesWoods #BidenCrimeFamily #JoeBiden #HunterBiden #HunterBidenEmails https://t.co/ottX1yP37j,0.0,0.0,SamKEYS65729181,Patriot,29.0
VOTE FOR #JoeBiden https://t.co/IIROoL5U0O,9.0,5.0,bvroman1955,VOTE: Your life depends on it!#TrumpLiesAmericansDie #DumpTrump #DitchMitch #VoteBlue2020 #BLMğŸŒˆ#LincolnVoter ğŸ‡ºğŸ‡¸ No DM #JoeBidenKamalaHarris ğŸ‡ºğŸ‡¸â˜®ï¸,1312.0
#Trump is tearing up #Biden at the #TrumpRally over the #HunterBidenEmails,0.0,1.0,acceptjesusnow,Jesus' #Rapture Prophecy The Last Day. This is the only correct explication of the Rapture ever published. https://t.co/qvS2JBo4l4,2589.0
"#Trump #Obama #Clinton #Biden

#ManWomanPersonCameraTV

#RockPaperScissors

#HandsFaceSpace

#VoteJoeBiden 

#USElection #USElection2020

#Pence vs #Harris

#DrugsTest #TrumpDrugs #BidenDrugs

#InjectDisinfectant #PowerfulLight through the skin or some other way ğŸ˜³ğŸ™†ğŸ½â€â™‚ï¸ğŸ¤·ğŸ½â€â™‚ï¸ğŸ¤¦ğŸ½â€â™‚ï¸ https://t.co/tBqSpgWoR0",0.0,0.0,roshannnikhil,ğŸŒ¶G20 YEA UK DELEGATE ğŸŒ¶ACTUARY ğŸŒ¶ CORPORATE FINANCE ğŸŒ¶KPMG Veteran ğŸŒ¶REAL ESTATE ğŸŒ¶BRAND AMBASSADOR ğŸŒ¶NED ğŸŒ¶PENSION TRUSTEE ğŸŒ¶CHEF ğŸŒ¶LFC YNWA,841.0
Come on @ABC PLEASE DO THE RIGHT THING. Move the #biden town hall.  I bet a requirement for Orange Monkey to do the NBC town hall was to have it opposite Biden.  PLEASE MOVE YOURS.,0.0,0.0,Elphygirl,"#imwithher - forever. Mother, Wife. Daughter. Keep your religion out of my body. #Resist",166.0
"If the actions of Facebook and Twitter over the #NewYorkPost expose on #Biden and his son doesn't convince you that the corporate media is manufactured news/MIC/thought control bullshit, nothing will.",0.0,0.0,JT70006955,#WearAMask and save lives!  #ACAB #Medicare4All #FreeCollege #Reparations #Lakers #blackempowerment,85.0
"#Omg...he'll probably be whispering in #Biden's ear, 
""Don't f*ck this up...#China is counting on us..."" 

#NoTPP #StopTPP #NoCPTPP #StopCPTPP

https://t.co/eqI3atGiw9 https://t.co/8ySX3OWubx https://t.co/QBpLJIBwfT",0.0,0.0,LizActivate,"Once #StopTPPCallTeam & #WeStoppedTPP (in USA). Now, we're #StopCPTPPCallTeam! We call Congress, DAILY, & say:#StopCPTPP!",3313.0
"@MaryBriggs1 God forbid that Biden should get anything, no control, nothing! 
If you watch #Biden, he gets out of control on every slightest questions!
How can a person like him, be a Commander in Chief of the United States of America?
How?",1.0,1.0,egoyibo55,Retired London business woman,2464.0
"@TwitterSafety You donâ€™t usually bother, why the huge effort in response to the #Biden @nypost story?",1.0,0.0,LordCLQTR,"Conservative, gay (most of the time), pro #Brexit.",621.0
"#realDonaldTrump addresses #JoeBiden and #HunterBiden corruption, more proof of which discovered on a laptop.
#ObamaBidenGate #NYPost #MSNBC #CBS #NBC #ABC #FoxNews #KamalaHarris https://t.co/7RtMOdoXGd",0.0,1.0,TheTruthSekr,"You are only a victim of yourself and your poor choices. No one owes you anything. Ask Mr Denny, donâ€™t brake for protesters.   Democrats are the enemy within.",411.0
#unflatteringdogphotochallenge #HunterBiden #CNN #Biden #ChickenTrump #AmericaFirst #bachelorette #90DayFiance #BigBrother #coronavirus #BidenHarris2020 #JoeBiden https://t.co/mnalZeTKmM https://t.co/hWV9PBbiJX,0.0,0.0,tony_baloney2,,5.0
A simple question. Who are you voting for? #2020Election #DonaldTrump #JoeBiden #uspoli #mapoli,1.0,1.0,jmac4thepeople,"Father, veteran, veteran's advocate, former candidate for MA State Senate, weekly columnist for the Lowell Sun, Fitchburg Sentinel , an American Patriot .",1253.0
"@Twitter, since you are censoring free speech, in regards to the #JoeBiden email scandal, I opened up a @parler_app account. I wouldn't have done it without your motivation!
@JoeBiden #Parler #censorship #Twitter #Conservative",0.0,0.0,GenXJames1,"I'm a non apologetic, non Millennial.
I am a patriotic American.
I love my girlfriend, animals, the outdoors, guns, photography, God, and freedom.",29.0
@Timodc OH BARF! Video of #Biden bragging about withholding the money to #Ukraine unless they complied. Fact not your crap.,0.0,0.0,pitphx,,202.0
#Biden https://t.co/WAFPpbahqX,0.0,0.0,one_middleman,Libertarian Patriot,6.0
"@Twitter blocking people from their account because Hunter Biden introduced his Dad @JoeBiden to the Ukraine dude... $$$$
#JoeBiden has some explaining to do https://t.co/wnebC1y8L7",0.0,0.0,acmtilim,Roman CatholicğŸ‡»ğŸ‡¦âšœï¸ Wife- Mother- love beagles & cats. Shop local/ small business. Blocking anyone using *latinxâ€ in a non sarcastic way.,473.0
Has this awoken you from your slumbers yet @BBCJonSopel. Getting to the point where even you may have to file a negative story about #Biden! https://t.co/Y54y25n6dU,1.0,0.0,MalcolmCowing,Retired former Managing Partner of marcoms agency.,1349.0
"Since Twitter is censoring news, hereâ€™s the screen shot... #censorship #biden #BidenHarris2020 #NYPost https://t.co/03TJVAh7xE",941.0,608.0,jeff4cy,"Father, husband, Lutheran, Iowan, farm kid, Cyclone.",346.0
@jolenebuntinguk @realDonaldTrump amazing what you can do these days... time well spent (NOT) #VOTE #maskupUAS #FoxNews '#CNN #JoeBiden #TrumpIsALaughingStock,0.0,0.0,BillyBillyboy67,"Glasgow lad, love poker and my guitar.  Glasgow Rangers man but NO BIGOT. So hi to all the twits out there l ;-)ğŸ˜€ğŸ˜€ğŸ˜€",21.0
@heffnera While you have the tar &amp; feathers out why don't you question @JoeBiden about the quid pro quo with the Ukrainians.The #media and Democrats are suppressing the story and hiding the government corruption by #JoeBiden . Do you support corruption? If not let's tar and feather #Biden,0.0,0.0,bledsoe_wes,,45.0
@ThePlumLineGS #twitter lies here is #JoeBiden https://t.co/khrZuHsrQI,0.0,0.0,whipit_Studio,,11.0
Hunter Biden emails demonstrate the crooked Biden family. #Biden,0.0,0.0,Mame2go,"Drats,Drats & Double Drats! Love Ya, Mean it!",45.0
#Twitter #HunterBiden #BigTechCensorship #bigtech #BigTechCoup #JoeBiden #Biden https://t.co/VMgtbVEkTT,0.0,0.0,pengyanong,,36.0
"@ABC @CBSNews @CNN @NBCNews all ignoring BIDEN family shady dealings with China. #Biden
NY Post exposes Biden crimes. Senate Homeland Security Committee Investigating Hunter Biden Emails https://t.co/PLrGGuEB5L @GOP @TrumpWarRoom @realDonaldTrump",0.0,0.0,datacrown,The past 4 years have proved that liberals & Democrats are the most vile vulgar violent divisive intolerant hypocritical HATEFUL beings out there.,3272.0
"@ProjectLincoln @nypost VOTE wisely.
and by wisely I mean for JOEâ€¦ or elseâ€¦.

#JoeBiden @JoeBiden https://t.co/zitXBdRmWO",39.0,9.0,icecreamonacone,"I'm just a ginger kitty. I'm chill for the most part & nap often. I'm not political. But this cat is pissed. This ""President"" is stepping on my tail. hiss",1701.0
"Hunter #Biden introduced his father, then-Vice President Joe Biden, to a top executive at a Ukrainian energy firm less than a year before the elder BidenÂ pressured government officials in UkraineÂ into firing a prosecutor who was investigating the company, according to emails",1.0,0.0,GamingLawyer,"Legal & Business Services 4 Online Gaming & Gambling, Sports Gambling, Online Privacy and Litigation
Retweets are NOT endorsements",2418.0
@seeknmeann I guess #beaubiden was just as crooked as his father #joebiden. #democRat party is circling the drain. America loves and backs you Larry Sinclair,1.0,0.0,SAL75292573,Nothing to say here.,1.0
"Hunter #Biden introduced Ukrainian businessman to VP dad

That is real! Twitter and Facebook literally block every1 from posting this story and link to it &amp; this is mainstream #NewYorkPost!

I hate Trump, but censorship is never a progress - be it from right - be it from left.",1.0,2.0,adpaw13,"Rationalist, Empiricist, Agnostic, Deist, Freethinker, Religious Sceptic, Proud Polish Citizen, For-EU Change, Democracy, Human Rights, Secularism, Science",4345.0
"This is from the same night I met the cast of #TWW and I was wearing the same shirt as @AllisonBJanney ğŸ˜

#VOTE #voteblue #JoeBiden #LoveTrumpsHate https://t.co/aESuB1ipBq",0.0,0.0,CarlsonHannahM,Band Director â€¢ BME Furman University â€¢ MM x2 Butler University â€¢ Percussionist â€¢ Gator Sports Fan â€¢ Leonard Bernstein aficionado â€¢ she/her â€¢ FL-SC-IN-NC,133.0
What a load of crap from #Twitter attempting to justify their censorship of @nypost #UkraineGate article especially when they acted in step with @Facebook to suppress this information. Both stepped in ğŸ’© by putting their thumbs on the scale for #Biden &amp; must pay the price! https://t.co/ImOD7zUULN,1.0,1.0,SRAMTH,,25.0
"@Jbeckner121105 @nbc Thinking of watching the #SteamingPileOfTrump town hall Thursday?
Please reconsider.
#JoeBiden has a previously announced town hall on 
@ABC @ the same time on Thursday.
#Boycott @MSNBC, @CNBC &amp; the #TrumpTownHall.
Watch #ABC instead.
#BoycottMSNBC #BoycottNBC #Resist #MeToo https://t.co/yEZnETmGFQ",1.0,0.0,GOPUggh,"Retweet
Likes Are Like Kissing Your Sister 
#RegisterWith2Friends #VoteWith2Friends
#VetsForGunReform
No Lists",1404.0
"Video from The Recount. Trump's Stupid History With Hurricanes.

#JoeBiden #Biden2020 #BlueWave2020 #TrumpMadeInChina #VoteOutRacism #TrumpHoaxedAmerica #VotingForMyAmerica #AmericasGreatestMistake #TrumpHatesWomen #YesWeCan #TrumpIsACompleteFailure 

https://t.co/uACk92IkCz",1.0,0.0,ProgPolAdvisor,John & Mike.,5669.0
#Biden #BidenHarris2020 #BidenHarris  https://t.co/9s9zwfRDOv,1.0,1.0,jeff4cy,"Father, husband, Lutheran, Iowan, farm kid, Cyclone.",346.0
#Biden supporters are the like the #stormarea51 fokes. For the good of all Americans hopefully they can be found and they #TrumpPence2020 #VoteTrump2020ToSaveAmerica. https://t.co/uLpc2QYbc0,1.0,0.0,MikeBro66749656,Political Consultant,2.0
"@realDonaldTrump #TrumpIsALaughingStock @realDonaldTrump at his Iowa cult rally compared #JoeBiden to Putin, XI, and Kim Jong-un.  In the same sentence he called @JoeBiden â€œshotâ€ and all 3 communist leaders â€œSHARPâ€

#TrumpIsANationalDisgrace",0.0,0.0,bocatek,IT Specialist|Former Firefighter| Online Privacy Advocate|American|Patriot|#BidenHarris2020|https://t.co/adCaF3vMIs,295.0
@ThePlumLineGS is #JoeBiden a liar .blocking people who state facts is dishonest https://t.co/khrZuHsrQI,1.0,0.0,whipit_Studio,,11.0
#JoeBiden You will NOT be elected President because YOU ARE NOT ONE OF US!,0.0,0.0,EdAble3,,4.0
"Biden, Bush Bombshells https://t.co/BSJiRQHRwq nasty lying GUILTY Hunter Biden...wow! Court documents expose the slime the #Bidenâ€™s are...",0.0,0.0,beckyblanton,"TEDGlobal 2009 Speaker, Ghostwriter. Issues, not labels. My Tweets are my own, not those of clients or organizations.",1635.0
"@TwitterSafety @Twitter @RecIaimTheNet This is serious interference and censorship in an ongoing democratic election Twitter! What proofs do you have that this is ""Hacked Materials""?
#news #politics #censorship #Election2020 #election #Biden  #Trump https://t.co/cYQmAyVizU",0.0,0.0,Make__More,,14.0
#Biden @JoeBiden Losers x2. https://t.co/sCOEt7QdIk,0.0,0.0,bevmaxn,,36.0
"@BreitbartNews And what the F is this.

#WashingtonPost confirms...there is an ACTUAL VIDEO OF #JoeBiden saying he literally did this. 

#TwitterIsTheDNC https://t.co/GPMSYhmGxF",1.0,0.0,BlackGirlDreams,BLM: DONATE PLEASE TO HELP $Dreamsdept,87.0
"Some where in the shadows, Hillary is firing up her suicide machine. #Biden #HunterBiden #HunterBidenEmails",1.0,0.0,TxBetoGuts,ğŸš«ğŸ¥¾ğŸTexas hombre that does Texas stuff in Texas.ğŸ”” I also heart unicorns and blownin stuff up.ğŸ¦” I'm not a real Libertarian ğŸ¦„ğŸ”¥ğŸ’£ğŸ’¥,790.0
These are #Biden people with bats. https://t.co/1UCaX1HvhC,0.0,0.0,UtleyYATM,,151.0
"â€œDear Hunter, thank you for inviting me to DC and giving an opportunity to meet your father and spent [sic] some time together. Itâ€™s realty [sic] an honor and pleasure,â€ -Vadym Pozharskyi, an adviser to the board of Burisma #JoeBiden #Corruption #BidenHarris #HunterBiden https://t.co/JuuFL2yu3x",1.0,1.0,RealNiceMike,,16.0
TWITTER is so corrupt!!!!  We see you @Twitter #Corruption #Biden #HunterBiden #HunterBidenEmails #hunterscrackpipe #ObamaBidenGate #FakeNews,1.0,0.0,Nichola34778500,,1.0
@roinnslainte @CMOIreland @ronan_glynn @lieabh @maddow @Lawrence @RepKatiePorter @drsanjaygupta @KamalaHarris @JoeBiden @VP @realDonaldTrump @Yamiche @CDCDirector.  Why arenâ€™t we having ads like this in the US.  Ireland has an uptick in cases and they arenâ€™t advocating 2-6 million ppl die using idiotic â€œherd immunityâ€! #Biden,0.0,0.0,dacullington,"beach lover, mother of two wonderful sons and a patient hubby, dogs make my life fulfilled, (our cat just meows for food a lot), movies are a must!",763.0
The reason why Twitter has locked the New York Post account is because the Post is reporting on explosive new revelations that prove #JoeBiden lied to coverup his corrupt and illegal activity as Vice President. https://t.co/VEaoC6PrTU,0.0,0.0,ShaneSchaetzel,"Catholic Convert & Apologist, Catechist, Author, Columnist and Blogger: https://t.co/AwlyumNyEY (Parler: @ShaneSchaetzel)",687.0
"State of the race in SOUTH CAROLINA as of 10/14/2020

Polling Average:

Trump 51.0% (-0.1% from yesterday)
Biden 43.8% (-0.2% from yesterday)

Win probabiity:

Trump: 88.7% (+0.3% from yesterday)
Biden: 11.3%
 
Source: FiveThirtyEight

#ElectionTwitter
#Election2020
#Biden #Trump",1.0,0.0,ElectionRobot,beep boop,128.0
"Powerful actors are trying to twist the arms of Americans into voting for #Biden but don't seem to understand human behavior. Forcefully blindfolding and leading voters away from a media story about Biden only makes him look really, really bad. https://t.co/6EP7mglTe6",0.0,0.0,hjbentham,"Independent author via @amazon and former columnist for @Beliefnet and @PressTV. Interested in politics, futurism, sci fi. Author of the @CatalystThesis.",1049.0
"Uh oh Joe... Things really seem to be unwinding fast now.

#BidenHarrisToSaveAmerica
#BidenHarrisLandslide2020
#BidenHarris #Biden #JoeHidin
#HeelsUpHarris ğŸ‘ #HarrisBiden2020
#TrumpCovid19 #Trump2020
#Trump2020Landslide ğŸ‡ºğŸ‡¸#KAG2020 ğŸ•¶",1.0,0.0,SupportOurPres,Married my high school sweetheart. Trump has done great things for our country. Parlor @SupportOurPres #Family #1a #2a #Trump2020 #NotSoSilentMajority #ProLife,317.0
"Laptop computer abandoned at Delaware repair shop contains #emails between #HunterBiden &amp; senior #Burisma #adviser indicating Hunter arranged a meeting between then VP #JoeBiden &amp; the adviser in Washington, DC in 2015.
Joe Biden Calls a Lid &amp; Hides https://t.co/X1ynqJzbUN",1.0,1.0,hlwegley,Meteorologist & Comp Sci guy who writes novels with a climate of suspense & a forecast of stormy weather https://t.co/ZRp4fIyw7m https://t.co/laLtgbcKrx #ChristFic #Cleanbooks,3313.0
"For 30+ Years the @GOP Has Wanted to Destroy #SocialSecurity...4 the 1st Time in My Generation, the GOP Has a President Willing to Go All the Way 2 Abolish the Program that Helps #Seniors..This is One of the Reasons I Voted 4 #JoeBiden! #Florida #Virginia #NorthCarolina #PA #Ohio",0.0,1.0,PartesanJournal,Politically Independent Christian Enthusiast (PICE) #Prolife #ProUSA  #Redskins #Spurs #Celtics ğŸˆğŸ€...Pragmatic American With a â˜•ï¸ of Sarcasm...Opinions My Own,442.0
"#HunterBiden &amp; #JoeBiden are so busted! Emails released! #WakeUpAmerica 

#KAG #Trump2020",2.0,2.0,RealRedDebate,#PresidentTrump = #MAGA ğŸ‘ #GodBlessAmerica ğŸ‡ºğŸ‡¸ #AmericaFirst #Trump2020 #Trump2020LandslideVictory #Winning #KAG #WakeUpAmerica #Faith #Jesus ğŸ•† #LifeIsGood,2045.0
"HOYL!!

https://t.co/4MoM2dcnhN

#IceCube #JoeBiden",0.0,0.0,LordyHotdog,,4.0
"Five cents says this gal is named Karen and voting for Trump, lol. #biden https://t.co/sYwYcmmkcA",1.0,0.0,aggressivemew,"20| sometimes I play video games| â™¡ love my fiance, daughter, and 6 cats| â™¡ acab â™¡",11.0
#twittet and #facebook run for #biden at #PresidentialElection2020 #USElection2020. just to know. are you a sheep? https://t.co/yUK7cBdCki,0.0,0.0,Carlomrtz,fintech e crypto banker italiano. Avvicino patrimoni aziendali e personali alla finanza del prossimo futuro #crowdfunding #bitcoin #cryptocurrencies #P2Plending,1086.0
#Biden lied https://t.co/Lqy0TBpXkg,3.0,0.0,ToddNelon,The Roof Troop,106.0
"Who is leading? Trump or baiden!
Follow the link to know! 
https://t.co/2kaIBbxqAr
#USA #USPresidentialElections2020 #USElection #USElection2020 #TrumpCovid19 #trump #JoeBiden #USElectionDialogues #Election2020 #Elections2020 #ElectionDay #Trump2020",0.0,0.0,GuardianEnglish,"News, sports, entertainment, magazine website.",15.0
"Biden for (p)resident
Trump fo(u)r more years

#DonaldTrump #JoeBiden #Election2020 https://t.co/0iUphtSbR9",2.0,1.0,PansanPen,life is not worth living without freedom,242.0
"Not so much as there r automated digital forensic progs that do this sort of analysis vy quickly (e.g. #Encase) &amp; if u r just looking 4 a high-lvl characterization of drive &amp; file content (overt data), keyword, images, email &amp; doc parsing helps w/ triaging high-value info. #Biden https://t.co/mUmWKBKH77",0.0,0.0,DanGarrett97,"Author, Documentary Photographer, Political Scientist, Visual Sociologist, PhD; Former Career NatSec Professional; Securing Tianxia LLC; Opinions My Own.",5681.0
"ğŸš¨WE'RE NOW LIVING IN COMMUNIST CHINA! ğŸš¨

Can't even tweet about the #NYPost's bombshell #Hunter #Biden story! 

â¦@jackâ© You're an absolute disgrace! This is a direct assault on our freedom of speech! 

#HunterBidenEmails 
#TwitterCensorship 
#MAGA2020 
#Trump2020 https://t.co/Ee3NriP3ye",374.0,225.0,thebeerlegend,Iâ€™m a political junkie who loves to dunk on fools on Twitter and drink ice cold beers! ğŸ€ğŸº # DOES NOT = ENDORSEMENT,1535.0
https://t.co/tYkBnbstJw.   #biden #HunterBiden #HunterBidenEmails  #BidenHarris,4.0,2.0,gatsbygabe,,8.0
"Twitter, please fact check this picture of Hunter Biden passed out with a crack pipe in his mouth... #Biden #HunterBiden https://t.co/tmPVG3lTCx",6.0,0.0,solnet99,,18.0
@TwitterSafety Skip it. You hacks are covering for #JoeBiden plain and simple. #HunterBiden #BurismaBoys,9.0,4.0,BlackMagic63,"Freedom is never more than one generation away from extinction. We didn't pass it to our children in the bloodstream. It must be fought for, protected-R. Reagan",7081.0
"Vice President #Biden is 77 years young.
I am willing to bet that he has a long list of things heâ€™d rather focus on and enjoy life, than cleaning up ğŸ§¹ the deadly mess left by spineless republicans and #DonTheCon 
His only motive is to #BuildBackBetter #VoteForDemocracy #Vote",0.0,0.0,estakhriam,"Language Interpreter. San Diego, California. ğŸ‡ºğŸ‡¸ ğŸ‡®ğŸ‡¹ ğŸ‡®ğŸ‡·",371.0
@Defeat_Trump2 I will still act as  IF #JoeBiden is 50 points behind.  And VOTE FOR HIM!,7.0,3.0,NycPotus,"NO DMs. Hate The Orange Traitor. Vehemently anti-MAGATs. Follow me so I can regain my followers. I MISS THEM
#ImpeachtheMF
suspended TWICE. 4 HATING THE GARBAGE",4358.0
Twitter is censoring all information about the Biden crime family #HunterBiden #HunterBidenEmails #JoeBiden #Bidens #JoeBidenIsSick #bidenslaveowners #BidenHarris2020 #BigMikeObama,0.0,0.0,DarrenMichels,Combat Veteran USAF. ğŸ‡ºğŸ‡¸ Citizen Journalist. Scratch Golfer.,315.0
"Twazis says they blocked NY Post's #HunterBiden story cuz they block stories with stolen info.

Let's test their theory &amp; #Leftist agenda in protecting #Biden with the story by the #NYPost on STOLEN secret audio tapes of #Trump!

#LiberalPrivilege #MAGA
 https://t.co/bWriPoqI0d",19.0,16.0,ArmedPatriot45,Pvt Mil Ctr VetğŸ‡ºğŸ‡¸4 languagesğŸ´ó §ó ¢ó ¥ó ®ó §ó ¿Born &Lived in Mid East & Eastern Europe fighting radical Islamistsâš”ï¸Constitutional HardlinerğŸ‡ºğŸ‡¸#MAGA #2A #NoSharia,20614.0
"@ShelbyKStewart @nbc @thedailybeast Thinking of watching the #SteamingPileOfTrump town hall Thursday?
Please reconsider.
#JoeBiden has a previously announced town hall on 
@ABC  @ the same time Thursday.
#Boycott the #TrumpTownHall on @MSNBC &amp; @CNBC
Watch #ABC instead.
#BoycottMSNBC #BoycottNBC #Resist #MeToo https://t.co/dc04eSljKx",0.0,0.0,GOPUggh,"Retweet
Likes Are Like Kissing Your Sister 
#RegisterWith2Friends #VoteWith2Friends
#VetsForGunReform
No Lists",1404.0
@jack Youâ€™re not helping #Biden lmao. On the contrary.,0.0,0.0,AaronWa54798122,No one in particular.,569.0
@JoeBiden Whereâ€™s #JoeBiden hiding out? https://t.co/GWfbafFRCD,0.0,0.0,BuckFullerton,"Proud conservative husband, father, and CEO - on parole from Twitter jail. ğŸ’ªğŸ» Eternal vigilance is the price of Liberty #MAGA2020 ğŸ‡ºğŸ‡¸ #AmericaFirst ğŸ‡ºğŸ‡¸ #KAG",868.0
I still can't retweet this @nypost report on #HunterBiden allegedly selling access to his then VP daddy #Biden. Not #1A of @jack. https://t.co/1Le4ztTqOy,2.0,2.0,SgtTim911,"Co-founded 9/11 Families for a Safe & Strong America. Retired US Army (MP). #MAGA Parler @ Sgtsumner ""If we lose freedom here, there is no place to escape to.""",2058.0
@JohnBro85286904 @jane3wallace @Anderology @JoeBiden Newly released info proves it. Bidens are corrupt to the core. Time for Hoe to step down #stepdownjoe #JoeBiden #Election2020,1.0,0.0,debc819,Mother of 2..looking to help keep our country on the right track. never socialism! Respect our flag and our country.,439.0
"@MeidasTouch VOTE wisely.
and by wisely I mean for JOEâ€¦ or elseâ€¦.

#JoeBiden @JoeBiden https://t.co/qlHVgonEjt",202.0,51.0,icecreamonacone,"I'm just a ginger kitty. I'm chill for the most part & nap often. I'm not political. But this cat is pissed. This ""President"" is stepping on my tail. hiss",1701.0
"#HunterBiden #Cocaine #JoeBiden #KamalaHarris Far reaching implications for VP President 
https://t.co/qHeJcClUK1",1.0,2.0,WTH_inthe,,44.0
"Video PROOF from corrupt #JoeBiden :  https://t.co/7D8NQaWbCv
#HunterBiden Facebook Twitter Bias as well. How can twitter post #WashingtonPost ""confirms"" when it's clearly a lie. The FakeNews and DNC are one. https://t.co/oRXbLdbira",2.0,0.0,BlackGirlDreams,BLM: DONATE PLEASE TO HELP $Dreamsdept,87.0
"Kpop fans please unite and stream Bidenâ€™s Town Hall ğŸ¥ºğŸ¥ºğŸ¥º #biden #BidenTownHall #kpop #bts #blackpink #twice #nct 
#redvelvet #treasure #everglow #ENHYPEN #seventeen #Ateez #Itzy #Exo #TXT #Straykids https://t.co/cOTA1k6yzL",2.0,0.0,ReVeRene11,PFP: Everglow Yiren,143.0
"The media does not want you to read, share, or discuss The New York Post's #HunterBiden  #Biden  scoop https://t.co/vEn3nwoqtR via @reason",2.0,1.0,deceivers_not,Because the Rule of Law make sense. World Citizen. Free. Human â™,974.0
I will take child named #Biden with #JoeBiden blood over a child named Trump with #DonaldTrump blood any day of the week. https://t.co/AL4gumlKkW,0.0,0.0,MayorSackJones,Poor but Happy Democrat.,1316.0
"So the #FBI received the LAPTOP with the EMAILS and instead of acting on behalf of the American people and pursuing justice, they pushed it under the rug to cover up for #JoeBiden 
#HunterBidenEmails

#ChristopherWray 
Resign Now!",0.0,0.0,AliciaM05246586,"My Grandchildren are brilliant, beautiful and irresistible, and obviously take after their Grandmother.",42.0
"""Believe it or not, #Biden will be the next President of the United States.  #Trump lost the election already due to #COVID19.""

That's just a prediction.  No one knows the future.  We try to predict it to feel larger than life.  Unafraid of being wrong.

https://t.co/AMurxRsiFX",0.0,0.0,_happinesstoy,"https://t.co/5lIYmF1Kg4, buy your happiness and joy",214.0
This is the kind of guy you want to elect as president? #JoeBiden #DemocraticParty https://t.co/qMkDmr2g6V,3.0,2.0,Sunny71097335,,0.0
"#Biden is a liar
#Twitter is censoring",0.0,0.0,mstytz,"Christian, conservative, USA, strict Constitutionalist, pro-life, military vet, widower, Yorkies Biblical inerrancy.  Freedom forever!! Ad Finitum Fidelus",1839.0
"Las campaÃ±as de #Biden en la comunidad latina literal es nomas el diciendo ""Hola no soy #Trump vota por mi"". ğŸ¤¦ğŸ»â€â™‚ï¸",2.0,0.0,Y0ungScratch,"Everything is Ok ğŸ‘ 
till it's not",108.0
"#Biden is a liar
#Twitter is censoring",0.0,0.0,mrstytz,"Christian, conservative, fiscal conservative, strict Constitutionalist, Love USA, God loving, God fearing.  Liberty forever! Ad Finitum Fidelus",1058.0
#JoeBiden https://t.co/0XQodvpbAI,0.0,0.0,SpeckBella,Life is too short to stuff a mushroom.,458.0
This video proves that #JoeBiden has pretty much always been an asshole. https://t.co/leRU3BKwZC,0.0,0.0,al_jemima,"Yes, I'm a MAGgot and I support tRUMP!",239.0
"#Biden is a liar
#Twitter is censoring",0.0,0.0,no_green,"Pro-technology, conservative, pro-human, pro-growth, pro-space Christian, retiredUSAF #trump #usa #freedom",143.0
"Ditto, only #JoeBiden #TownHall.ğŸ‘ğŸ‘ğŸ˜ğŸ˜ https://t.co/ePif0fqs7h",1.0,1.0,RaeOfSunForever,"ğŸŒŠğŸŒŠğŸŒŠğŸŒŠğŸŒŠğŸ’‹ğŸ’œğŸ£ğŸ’™ğŸˆğŸ’šğŸ¾â™’Sister surviving in-side the Capitol Beltway. LHM!
WEAR A DAMNED ğŸ˜·ğŸ˜·
VOTE LIKE YOUR LIFE DEPENDS ON IT!ğŸ‡ºğŸ‡¸ğŸ‡ºğŸ‡¸",789.0
#Trump has been banging on about the #China #Biden  connection from the outset but was played down by #MSM as usual! https://t.co/SiqWtxj66d,0.0,0.0,MalcolmCowing,Retired former Managing Partner of marcoms agency.,1349.0
"Twitter, please fact check Hunter Bidens signature authorizing the recovery of data from his Macbook and external hard drive... #Biden #HunterBiden https://t.co/IgO4IeG4Fb",6.0,2.0,solnet99,,18.0
Thereâ€™s literally VIDEO of #Biden saying he got rid of the prosecutors by holding up the Money they promised to Ukraine https://t.co/UUg6Ki57D5,0.0,0.0,EmG623,#WalkingSociety Founder. #HikingSociety Founder #DemsAreDestroyingAmerica,2123.0
#chinabiden #biden #BidenCrimeFamily # https://t.co/Ogge27pJUa,1.0,1.0,Scarlet89087229,,4.0
"But he did this...in his own words.

Joe Biden Brags about getting Ukranian Prosecutor Fired https://t.co/QJ7a6xBztZ via @YouTube 

#JoeBiden",0.0,0.0,Jrcastine,"Author, Photographer, Husband, Father, Cybersecurity Practitioner, Mender of Bad Computers.  Just wandering about...having a proper meander.",585.0
How low #tech #media giants censor and block the truth ! Major legit paper publish true story. #Biden son met with #Burisma oligarchs and biden knew,0.0,0.0,ddave25,,23.0
"And Trump claims Biden has dementia? 
#DonaldOut #TrumpRally #trumpDementia #Biden #Vote #TrumpIsNotAmerica #MAGA #StopTrumpsTerror https://t.co/cuvce2uIpT",1.0,0.0,GlantonholdenJ,Maryland-based. Judicial. Objective observer of those things that exist with or without my consent. Sifting truth from disinformation since 1960.,65.0
"#HuntetBiden 
#JoeBiden 
#Biden2020
WTF THESE COURUPT ASSHOLES. https://t.co/RxU0AZYUHH",0.0,0.0,TACOBOYQXX,JUST A BOY WHO LOVES TACOS,5.0
#TuckerCarlson is smashing the suppression by #Facebook and #Twitter of #Biden corruption influence-peddling scheme.,1.0,0.0,Styx5x5,Include me out.,1007.0
"â€¢Only 20 Days until Election Day! 
â€¢Make a plan to exercise your RIGHT to vote! 

#JoeBiden #BidenHarris2020 #GirlfriendsforKamala #WoCforBiden https://t.co/3C9REWTabk",0.0,1.0,WoCforBiden,Official account for the Women of Color grassroots effort to elect the next president. #WomenofColorforBiden---Follow us!,1768.0
"Why don't they want us to see this? (Rhetorical ğŸ™„)

Hunter Biden and the Big Tech information coup | Spectator USA

#HunterBiden #JoeBiden #Election2020 #censorship  https://t.co/mA46KXQMZv",0.0,1.0,wlhuber,Duty. Dilly Dally. Deeelighted.,11.0
#Biden is a bald face liar. #Burisma @TuckerCarlson,1.0,0.0,USRoute41,"Commodities - Inflation Truther. 
Blocked by @KaraSwisher the Chief Gadfly of #SiliconValley. RTs N.A.E. 
The Sorting Process has shifted into Overdrive.",3165.0
"Looks like Joe and Hunter Biden did everything they accused Trump about. If you're voting for this senile, old, corrupt democratic nominee, you are pathetic. We don't need this shit running our country. #Biden",2.0,0.0,DubiousXo,Live somewhere in the Pacific Northwest. Ex-California native. Entrepreneur. Mom. Reality Show & Dog lover. That's all you get.,611.0
"How could #Facebook and #Twitter make the news about #HunterBiden and #Biden pay for play go viral? 

START CENSORING THE STORY

The concept of backfiring still has not gotten through to people who want to suppress voices because their undies are in a knot.",1.0,0.0,NJCommonSense,#Resisting unconstitutional globalist control of NJ.  #MAGA #KAG. Defending the American Way of Life As Founded under God!,15062.0
"Censor me if you want Twatter
#JoeBiden #censorship #DoubleStandards https://t.co/WD0JHtry0A",3.0,9.0,Idislike1,,0.0
Yep Twitter is gonna get regulated and makes me think the #joebiden and #HunterBidenEmails are legitimate. This is how a story blows up because it gets censored https://t.co/N07Isg4tK0,0.0,0.0,sorrowen,"Aspiring comic artist,Christian,conservative,snake conservationist and yes this profile is occasionally political",898.0
"On Tuesday, November 8, I stopped by the store &amp; got myself a single slice of chocolate cake to celebrate as @HillaryClinton won the presidency. 

I threw that slice in the trash on 11/9/16, but I will be buying a whole damn cake on November 3, 2020. #BidenHarris2020 #Biden #vote",1.0,0.0,jackmc9984,The world is meant to be seen. Make time to see it.,535.0
"@stephbarlow2 @JoshSchwerin @soledadobrien Disclaimer, totally support dems this #Election2020 but will watch #Trump #FlameShow to nurture the paranoia #Confidence in #JoeBiden lets me do this - itâ€™s not all media numbers, itâ€™s real",0.0,0.0,tweedyBard,takes on world & sec events UC NDN research and web info BTWN reality and deafness am #ShockedShocked,133.0
#HunterBiden #JoeBiden #CorruptDemocrats #Ukraine #bribery #VOTE #Election2020 https://t.co/nSnYm9a94s,2.0,1.0,Schaumburgur,By nature my people are built to lift heavy rocks. Lotus eater. Art & Politics & Whisky.,99.0
#Biden https://t.co/FoEu2XrVzk,0.0,0.0,RkmmerMer,Just me.,132.0
"DÃ¼nyanÄ±n bÃ¼tÃ¼n Ã¼lkelerinde defalarca darbe yapmÄ±ÅŸ olan Atlantik Ã‡etesi ""Rusya seÃ§imlerimize mÃ¼dahale ediyor"" diye aÄŸlÄ±yor... #UnitedStatesOfAgression #UnitedStates #us #usa #Election2020 #putin #Biden #Trump https://t.co/QS0x8C6Hm7",23.0,10.0,DDGrubu,Zihinler iÅŸgal altÄ±ndayken vatanÄ±nÄ± kurtaramazsÄ±n... Derin LÃ¼gat'Ä± oku ve paylaÅŸ: https://t.co/TEgXO2ZtGu,69116.0
"COME OUT A HUGE CROWD, #ALL #OUT AND #VOTE #BIDENHARRIS2020. IN THAT CASE #BIDEN WILL #WIN. https://t.co/mgczql7XsI",0.0,0.0,514darkcholate,Pattern maker of men's and women's wear since 1970.,2874.0
https //nypost.com/2020/10/14/email-reveals-how-hunter-biden-introduced-ukrainian-biz-man-to-dad/ the #HunterBidenEmails proves another crooked thing the #JoeBiden  =#DemoCrooks are up to. https://t.co/92uGuqgK8Z,0.0,0.0,01zerohero,another internet asshole,44.0
"Smoking-gun email reveals how Hunter Biden introduced Ukrainian businessman to VP dad via @JudiciaryGOP https://t.co/0AFhRTKrJS

#HunterBiden #HunterBidenEmails #hunterscrackpipe #JoeBiden #Corruption #ThursdayThoughts #VOTE #Vote2020",2.0,1.0,goawayitsnotme,"Awake. #Trump2020 âœ ğŸ‡ºğŸ‡¸                                       
                                        ~ Monsters are realâ€”They're called Democrats. ~",250.0
@grumpybirdieS If #Biden brings in corporate lobbyists and refuses to push progressive legislation.,0.0,0.0,jsam_j,"Zen teacher, Psychoanalyst, Social(activ)ist, Author: Zen & Psychotherapy, Waking Up From War, After Midnight.",420.0
"The 6 most misleading claims from #JoeBiden:  
#VoteGOP    #TrumpPence2020 
https://t.co/3xlz5yjOzX",0.0,0.0,mindovermath,"Retired college #math professor. Single.  Bridge enthusiast, Schlager music fan, #Flyers and #Phillies fan. #MAGA #TrumpTrain.",12806.0
"2001. Almost there ...
2002.
2003.
2004.
2005.
2006.
2007.
2008.
2009.
2010.
2011.
2012.
2013.
2014.
2015.
2016.
2017.
2018.
2019.
2020. Now #JoeBiden is ready to fix America. ğŸ¤¡ğŸŒ",0.0,0.0,divinejudge1,#GFYS,572.0
Remember when you got caught as a child doing something wrong and your defense was â€œno you did!â€ Thatâ€™s pretty much the Democrats strategy #RussiaHoax #HunterBiden #JoeBiden #UkraineGate #DemocratsHateAmerica,2.0,1.0,JustSmitty2,,80.0
Bye Bye #Biden Watching @TuckerCarlson - Devastating,0.0,0.0,brianmclanenyc,"Democrat for equal justice. Against illegal immigration, climate change, propaganda, censorship, corporate welfare & corruption
SOCIALISM - THE DEATH OF US ALL",1129.0
You got some splainin to do. #HunterBiden #HunterBidenEmails #Biden https://t.co/D1CHc7xux2,2.0,0.0,TxBetoGuts,ğŸš«ğŸ¥¾ğŸTexas hombre that does Texas stuff in Texas.ğŸ”” I also heart unicorns and blownin stuff up.ğŸ¦” I'm not a real Libertarian ğŸ¦„ğŸ”¥ğŸ’£ğŸ’¥,790.0
"La red social Twitter restringiÃ³ el acceso a sus usuarios a un vÃ­nculo publicado en un tuit que dirigÃ­a a una pÃ¡gina web del diario @nytimes, donde se mostraban los mensajes de correo electrÃ³nico entre un empresario ucraniano y #HunterBiden, hijo de #JoeBiden. https://t.co/ePS7iBrkMT",1.0,2.0,Juan_A_Llorente,CUENTA PERSONAL 32 aÃ±os. PanameÃ±o. #Aries Soltero. No tengo hijos. Estudio InglÃ©s. Tuiteo para expresarme libremente. Sometimes I tweet & retweet in English.,1053.0
"Donâ€™t want the Orange Manâ€™s townhall. Donâ€™t give him the attention or give high ratings to the networkJust watch the clips on social media, they come out instantly!#DumpTrump #BidenHarris #JoeBiden https://t.co/ByEBjELlTN",0.0,0.0,trumpshairypuss,im a cat - I like fish - defender of democracy - resister of ignorance - FUCK TRUMP,101.0
"#JoeBiden has been caught red-handed. Guilty. Guilty and a liar. Guess what heâ€™ll do next? The #SicilianFlu. If you thought he was befuddled before, you ainâ€™t seen nothing yet. Heâ€™ll turn up the dementia to keep the subpoenas and indictments away. Get Kamala Harris on the phone.",140.0,63.0,LionelMedia,The Official Account of #LOTUS (Lionel of the U.S.) â€” EmmyÂ® totinâ€™ #WFPBNO #Logodaedalus #ProudHusband #Psephologist â€œThe immaculate twang of Mother Bluegrass.â€,151001.0
"@kylegriffin1 Actually,  the President was impeached to cover the Lies by #JoeBiden , Obama and Hillary Clinton 

There, I fixed it for you

#FakeNews #EnemyOfThePeople #mediahack",17.0,7.0,elianselmi,"Constitutional Conservative, Father, Latino, SciFi geek, #1A, #2A, Congressional Term Limits #COSProject #MAGA #KAG2020  *NO LISTS*
Parler: @elianselmi",7012.0
#JoeBiden and #HunterBiden are complete pieces of shit. Commie Bastards,1.0,1.0,jaymave3,,9.0
#Biden #BidenRiots #Corrupt #Ukraine https://t.co/FtTZIggFQN,0.0,0.0,JE70019176,Facilitando estrategias para empresas haciendo negocios en los Estados Unidos jewilliams@mac.com,454.0
"When will @JoeBiden come out of his cave and face the music?

#Biden #BidenEmails #HunterBiden #HunterBidenEmails #BidenHarris #Trump2020",1.0,1.0,thecharliefoxt1,game over. you lose,0.0
"Will the Media Publish this??
#HunterBidenEmails #HunterBiden #JoeBiden #ObamaBidenGate https://t.co/ZcYfLwZpdP",0.0,0.0,Jim34878187,,80.0
"@FrankLuntz Yeah, wonder if the @JoeBiden voters would have voted that way knowing that #Biden is a crook.  #NYPost",1.0,0.0,FrankPoperowitz,Master Cajon Groove Monster! Husband and Father. Beach Hillbilly & Survivor!!!!,249.0
"@AdamSchiff Impeached our president for something #JoeBiden did.

We canâ€™t let this stand",0.0,0.0,FatTimGalante,Come at the King you best not miss.  Omar Littleâ€”BMore      MAGA2020,1738.0
@TeamTrump @BretBaier https://t.co/khrZuHsrQI #JoeBiden admitted to it,0.0,0.0,whipit_Studio,,11.0
Inside Hunter Biden's murky history of business dealings in China https://t.co/BjModXIuKC via @nypost #HunterBiden #TrumpIsALaughingStock #TrumpPence2020 #Trump #JoeBiden,1.0,1.0,Megaphone_Jeff,"Retired P.E. Teacher/Football/Basketball Coach. 85% of #MEDIASUCKS. #MAGA #KAG2020 #TRUMP2020 Motorcyclist, Happily Married.",4166.0
@Dknight10k Doing the right thing for my county is easy hoping other due the same. A vote for #Biden  will mean less trash more class in the White House. May I never read another foreign paper making fun of us again. #BidenHarrisToSaveAmerica,0.0,0.0,mccdoe3289,"ğŸ‡ºğŸ‡¸ Wife, Mom, Healthcare Administrator, Yankees, New Yorker. #NYStrong Independent #BidenHarris2020",3662.0
I think I finally found whatâ€™s wrong with #JoeBiden besides #dementia this would explain his uncanny ability to lie for 40 + years https://t.co/P09z1NDlAG,1.0,1.0,SCLadyTiger,Proud mom and grandma. No DMs please. â¤ï¸All in for #Trump2020 #MAGA2020,4058.0
I donated 100.00 to offset all the lies &amp; propaganda Trump will give on antiAmerican ##NBC  #BoycottNBC Join me in supporting #JoeBiden via @actblue https://t.co/mHCUBZKpxp,0.0,0.0,sunbeanz,#BidenHarris2020 Dump #PutinsPuppet Covid-19 is Trump's Failure.  TrumpsAmerica is ugly. BlackLivesMatter Love is Love,1326.0
"Twitter, please fact check this Grand Jury supeona for the recovered contents of Hunter Bidens Macbook and external hard drive... #Biden #HunterBiden https://t.co/BC7WmD0x10",39.0,25.0,solnet99,,18.0
This man is in the wrong profession! Heâ€™s a comedian! ğŸ˜‚ğŸ˜‚ğŸ˜‚ #JoeBiden #Trump https://t.co/eWmLOvYTpQ,0.0,0.0,EthanR_92,It is never too late to be what you might have been. Get free stock by signing up here https://t.co/7QBDBEzeLX,546.0
@VicToensing @VHolt9 @HunterBiden Barr should appoint you as independent counsel to investigate #HunterBiden and #JoeBiden,10.0,7.0,impactinvest,Father to the 45th President (unofficial account),1938.0
@ChrisMegerian how much is the #JoeBiden campaign paying you to â€˜tryâ€™ to diffuse the #HunterBiden bombshell?,0.0,0.0,BuckFullerton,"Proud conservative husband, father, and CEO - on parole from Twitter jail. ğŸ’ªğŸ» Eternal vigilance is the price of Liberty #MAGA2020 ğŸ‡ºğŸ‡¸ #AmericaFirst ğŸ‡ºğŸ‡¸ #KAG",868.0
"#Biden #Biden2020 #BidenHarris2020 #BidenHarris #BidenUnitingUS @JoeBiden @DrBiden @kamalaharris @hillaryclinton @SpeakerPelosi @ABC @CBSNews @NBCNews @CNN @MSNBC @cspan @pbsnewshour @TheView @GMA @TodayShow #USA #votebiden #Democrats 

Really, Biden? Where's Hunter? https://t.co/hNHft11Erh",0.0,0.0,mindtab,"Programmer (specially lottery analysis). Lincoln penny collecting.Born in Romania. US Army, Desert Storm, Veteran. I love our President & the First Lady. 432HZ.",1603.0
"#HunterBiden
#JoeBiden #EpsteinIsland 
https://t.co/SnhlpoNUgo",0.0,1.0,WTH_inthe,,44.0
Can you imagine Hunter 'playing' in the White House if #JoeBiden gets elected?  The Swamp Rats are eager to sell out America again. https://t.co/kZEehn0mfq,0.0,0.0,al_jemima,"Yes, I'm a MAGgot and I support tRUMP!",239.0
Another October Surprise As Emails Allege Hunter Biden Busted Introducing His Father To Ukrainian Big Shots Following Curious Events https://t.co/4g1qfzC3jj #OctoberSurprise #Biden #HunterBiden,0.0,0.0,theodoreshoebat,"Christian militant, Apologist, Writer, Speaker, Crusader",5015.0
"""So letâ€™s boost JoeÂ and give him a Democratic Congress.""
#Election2020  #JoeBiden
https://t.co/J2wCNUtwdO",0.0,1.0,dailysoundnfury,Daily news and views on politics and issues that shape our world,9067.0
"@Ostrov_A @Twitter @realDonaldTrump @nypost @khamenei_ir Simply yes. Their priorities are different. The safety and wellbeing of US, Israeli or Ukrainian citizens is not on their mind. Covering up corruption is.

#Biden #Vote2020 #HunterBiden #VoteHimOut2020 @Ukraine @BeholdIsrael @TrumpJew",0.0,0.0,wolf_marjan,"Content Creator. Storyteller. Lifelong Learner. Co-Founder and CEO of @HDFGames. Big fan of Japan, culture, language and arts. Reaching for the shooting star.",393.0
This was not â€œHacked Materialâ€ #HunterBiden #censorship #JoeBiden #BigTechCoup https://t.co/gEU71l3WNJ,1.0,0.0,jhuseth,Computer Guy/Photographer/Texas Ex/Longhorn Fanatic/Father/Hopeless Sports Addict,309.0
So the video of Joe #Biden saying he threatened to stop US funding to the Ukraine unless they fired a prosecutor is phony?  ğŸ¤£,0.0,1.0,SgtTim911,"Co-founded 9/11 Families for a Safe & Strong America. Retired US Army (MP). #MAGA Parler @ Sgtsumner ""If we lose freedom here, there is no place to escape to.""",2058.0
"#JoeBiden 
knows Mitt Romney's name, he knows it very well.
#BurismaBiden",0.0,0.0,AliciaM05246586,"My Grandchildren are brilliant, beautiful and irresistible, and obviously take after their Grandmother.",42.0
"@RVAT2020 A partial list of what T is....

VOTE JOE ğŸ’™ do I even need to say why anymore?
#JoeBiden @JoeBiden https://t.co/AzVUKhvWYt",1.0,0.0,icecreamonacone,"I'm just a ginger kitty. I'm chill for the most part & nap often. I'm not political. But this cat is pissed. This ""President"" is stepping on my tail. hiss",1701.0
"Share, who you are #voting for you donâ€™t have to sign up to take poll #USElection #Election2020Â  @realDonaldTrump @JoeBiden @POTUS #JoeBiden #DonaldTrump #DonaldJTrump #Potus #Potus45 @djgeetv #djgee #djgeetv #iamdjgee #AmericaFirst #YGRecords",1.0,1.0,DJGEE,I AM DJâš¡ï¸GEE Turntablist/DJ/Producer @bmi @ranedj @DJGEETV @Serato @Thudrumble @beatjunkies #DJGEE #DJGEETV #IAMDJGEE ğŸ§ğŸšhttps://t.co/oePJiqkWhP https://t.co/woNFTODmkM,26818.0
#DrainTheSwamp #Biden is so crooked. Everyone around him gets rich. #trump,0.0,0.0,Merky_Merk,,3.0
"#ElectionCountdown LIVE: Trump Unloads on Biden Over Bombshell Email Scandal at Iowa Rally!! ğŸ‡ºğŸ‡¸

Tune in &amp; share: https://t.co/GD5lU2SDm5 &lt;&lt;  #biden #HunterBiden #HunterBidenCrackPipe #Elections2020",3.0,2.0,WhatIs1776,"ğ’´ğ‘œğ“Š  ğ’œğ“‡ğ‘’  ğ’¯ğ’½ğ‘’  ğ‘…ğ‘’ğ“ˆğ’¾ğ“ˆğ“‰ğ’¶ğ“ƒğ’¸ğ‘’ 

https://t.co/RTh2H3BBHN #ResistCensorship",288.0
Only #JoeBidenğŸ˜ğŸ˜ #TownHallğŸ‘ğŸ‘ on Thursday on #ABC https://t.co/HnMujGKIQK,0.0,0.0,RaeOfSunForever,"ğŸŒŠğŸŒŠğŸŒŠğŸŒŠğŸŒŠğŸ’‹ğŸ’œğŸ£ğŸ’™ğŸˆğŸ’šğŸ¾â™’Sister surviving in-side the Capitol Beltway. LHM!
WEAR A DAMNED ğŸ˜·ğŸ˜·
VOTE LIKE YOUR LIFE DEPENDS ON IT!ğŸ‡ºğŸ‡¸ğŸ‡ºğŸ‡¸",789.0
#HunterBiden #ObamaBenghaziCrime #NancyPelosi #HillaryEmails #JoeBiden #KamalaHarris https://t.co/neLM3aXTIV,0.0,0.0,FreezePicks,First line of Defense in protecting the United States of America from Communism.,64.0
"@Nyr533 So, even if true, why is this a big deal? Why is this something that should sway a #Biden voter?",0.0,0.0,SLAMalba,"Attorney â€¢ Buffalo Bills Fan â€¢ Buffalo, NY",171.0
"@militarysweep2 @7mdk7 @DeejayBearclaw @bcn4eva2 @Brixea @twnkltwinkle @DJenson3 @QmagaMike @redpill_4 @TheGrayRider @tigress_ms @marc_Q1 @Christo29932651 @PookztA @The_Bat_Gotham @MaryBernstein14 @beg402 @dbdalt @GPA_7 @WenMaMa2 @FarRight1_2 @lugohely Thank you sisğŸ˜˜ @militarysweep2 I think #JoeBiden is THE token ""lame duck candidate"" in that he is weak &amp; falls behind in ability &amp;/or achievement. Ppl know he won't be President regardless of how much they cheat. 
#WalkAwayFromDemocrats 
#VoteRedToSaveAmerica2020 #Trump2020 https://t.co/q2BXXoNqso",16.0,12.0,fatima_italia,"Re-elect @realdonaldtrump ğŸ—³
#REDFridaywknd
ğŸ•ŠGOD Bless Our Troops/VetsğŸ•Š ğŸ›1A /2A & Creator ofğŸ¤³ #Tweets4Trump & #RT4TrumpğŸ¤³

ğŸ‡®ğŸ‡¹ğŸ‡ºğŸ‡¸#ITAM4Trump2020 chat/news",72273.0
@Ordinary1World @THstraya2017 Carley is with #Biden too have you seen their conversation? https://t.co/EGLD9gBPGI,0.0,0.0,doxiedebbie,"Doxie lover, gardener and political guru. Past owner of business in D.C. area. #Biden2020",881.0
@WaltonNJohnson Trump is just as worse if not more. #JoeBiden #BlueWave,1.0,0.0,R01329680Owl,,51.0
#JoeBiden,0.0,0.0,BugsyDelaney,,12702.0
Serious as 4 heart attacks &amp; a stroke &amp; you have to search to find the story. SMDH #biden https://t.co/LZ5XwbxKvK,0.0,0.0,nicole_chetta,"Smile, go on little adventures, never stop making plans, dress up, know that you ARE good enough, cherish family & friends, be kind to animals, & buy cool art!",102.0
#HunterBiden #biden #censorship https://t.co/BW1826QvUd,0.0,0.0,RkmmerMer,Just me.,132.0
I can't rap my head around why anyone would want #biden when he hasn't done anything productive in 47 years. I know Trump is extremely abrasive and never says the right thing but the country has prospered under him. 56% of Americans feel their life is better then 4 years ago. 1/2,0.0,0.0,AZHustler86,Almost all AZ sports fan. Arizona native and this states biggest fan.,26.0
@SteveGuest @RossMcleanSec #JoeBiden is getting caught in his own web of lies.,0.0,0.0,WandS_Headlines,Presenting the most significant world news headlines. Follow us to keep up-to-date on the news you need to know.,833.0
"#HunterBiden #JoeBiden #Russia 
https://t.co/apqW3AGvRj",0.0,1.0,WTH_inthe,,44.0
"Yes #JoeBiden said he got a #Ukraine prosecutor who was investigating his son fired, No the Washington post did not confirm this because they are partisan hacks incapable of acting in good faith.
https://t.co/D0ERyH0MSX
Enjoy the video evidence",0.0,0.0,HarpfordJohn,,5.0
@TuckerCarlson signal was the key showing Birisma American in #Ukraine as #JoeBiden where they when approached by political in #UkraineGovernment ever sent their lower-ranking threatening company officials the sound of who was backing them would shakeup in #AmericanPowerfulFast,0.0,0.0,1KingOfAMERICA1,"Drivers from Elmer George,Bobby Swikert,Eddie Sachs, too,A.j.Foyt, Pranelli Jones,Mario Andretti Battled before my eyes ! There popularity,was still to come !",756.0
"So #JoeBiden  went from net worth under $500k in 2008 to over 9 million now on $163k a year. Hmmm
https://t.co/0EJdvoc4xA",2.0,2.0,HandkeJennifer,"Smart ass, sarcastic southern RN.
#MAGA. Trump2020!
Proud mom and Mimi.",3571.0
#HunterBidenEmails #HunterBiden #Election2020 #StopTheBias #JoeBiden https://t.co/sYHUu5wWoz,1.0,0.0,boyetter2013,"Husband. Father. Enjoyed Florida Atlantic University so much I graduated from there twice. Background in Economics, Political Science and Telecommunications.",451.0
#JoeBiden #HunterBiden #Ukraine #emails https://t.co/AfNJt7qMN6,0.0,0.0,WandS_Headlines,Presenting the most significant world news headlines. Follow us to keep up-to-date on the news you need to know.,833.0
Censorship. Control of narrative by social media platforms. Meh -media #CNN #AMJoy #BidenHarris #maddow #JoeBiden #Burisma hahahahaha Time for you to Wake up my friends #GreatAwakening,0.0,0.0,bluntanddirect,Enter the Warrior : calm like cookies and cream : here to help my fellow Americans : Pain to seditious treasonous enemies : Justice #TooktheOath #FightBack,444.0
Sen. John Kennedy: New Hunter Biden report as serious as 'four heart attacks and a stroke' https://t.co/bs6J80755l #FoxNews #HunterBiden #Trump #TrumpIsALaughingStock #JoeBiden #NYPost,1.0,0.0,Megaphone_Jeff,"Retired P.E. Teacher/Football/Basketball Coach. 85% of #MEDIASUCKS. #MAGA #KAG2020 #TRUMP2020 Motorcyclist, Happily Married.",4166.0
Banned Biden News: New York Post Ukrainian Hunter Biden Article https://t.co/qb2nTq3kLy.  #biden #corruption #ukraine #hunter #supressednews,1.0,0.0,bdecocq,"Former USAF officer and engineer, and Cross-country & Track coach at Temescal Canyon HS. Conservative to the core. ğŸ‡ºğŸ‡¸",43.0
"BREAKING â€” Countless Twitter accounts are getting locked after sharing #NYPost story / report on #Joebiden and his son #HunterBiden.

Twitter just few mins back has also explained why did they block the Article. 

#NewYorkPost",1.0,1.0,TheInsiderPaper,"Insider Paper is your source to real news from around the globe. The site covers Breaking news, Tech News, Business News and Politics News",1200.0
"@anjalikumar Financial interests? The pandemic is decimating everyoneâ€™s financial interests. #Biden always says that until you get Covid under control, and Trump has no intention of doing that as heâ€™s shown, then our economy canâ€™t rebound and will just worsen. Biden can save your finances.",0.0,0.0,BoychukKaren,"Love my country, love my daughters and want to make this a better world for them. ğŸ‡ºğŸ‡¸ #Biden2020    
ğŸŒğŸ¶",619.0
New York Post story reveals Vice President Biden was up to his ears in Ukraine due to Hunter Biden #BlackLivesMatter #Biden #VoteTrump,0.0,0.0,PRAIS_Ent,"Long time El Paso resident. Graduate of Socorro High School, Kaplan University, and Colorado Technical University. Married and lovingj life!",25.0
"Imagine a Trump kid did 1/100th of the crap Hunter Biden does..
#HunterBiden #JoeBiden #Biden #HunterBidenEmails #HunterBidensCrackpipe #CrackheadHunter #CrackPipeBiden https://t.co/iwzdFXHgc3",2.0,0.0,C_H_Industries,"Truth. Peace. Freedom.
Heard a good joke about covid today, but 99% of people wont get it.
Bro/Bruh. ğŸ‡¦ğŸ‡º",168.0
